{
  "round": 2,
  "weights": [
    [
      [
        -1.2580861991127248,
        1.6393638513187438,
        1.5462372841096523,
        -0.17992643601162334,
        -0.3980636901239242,
        0.2713101141326637,
        0.8322534018183271,
        0.06573765234341412,
        -0.1369651482392317,
        3.37100519617053,
        1.1773914955828177,
        0.04540505636861747,
        0.8800961404844415,
        0.44580893600933874,
        -0.22130942317527416,
        -0.4676457101090199,
        -0.16208052551794708,
        0.3307627411320581,
        -0.018505881971007186,
        0.11700940248329096,
        0.03466808902353263,
        -0.7902132099923321,
        1.185771939524101,
        0.8231571148725925,
        -0.8681669974846243,
        -0.3963847387320172,
        0.5916045562795965,
        -0.8308568599400584,
        1.1917213874801884,
        -0.861368154358015,
        -0.33312301075957457,
        0.2871638792634603
      ]
    ],
    [
      1.557525406365356
    ]
  ],
  "metrics": {
    "accuracy": 0.9874011926223825,
    "precision": 0.9813086887413032,
    "recall": 0.9960064405110214,
    "f1": 0.9886028644260674
  },
  "timestamp": "2026-07-20T11:45:54.683608Z",
  "client_count": 4
}