{
  "round": 5,
  "weights": [
    [
      [
        -1.2021709539093133,
        1.806855904863609,
        1.5764081673121662,
        -0.24317633164741864,
        -0.30980042198460184,
        0.23782129520663334,
        0.794873881990565,
        0.030604685976971295,
        -0.1213004594951854,
        4.538179999211568,
        1.4076260008403216,
        -0.02083907413036145,
        1.0712655213881508,
        0.4840600975859104,
        -0.12192216510969094,
        -0.5120630957489058,
        -0.15843591109996072,
        0.5107659112532993,
        -0.06354770437477361,
        0.16741231516771574,
        0.022623076684778153,
        -1.058807941136363,
        1.4124401413895136,
        0.980883143856973,
        -0.7825934068930465,
        -0.47246789427200486,
        0.5634660228294722,
        -1.364319005709568,
        1.2505576198013646,
        -0.9179039401814709,
        -0.2682362974413013,
        0.2861271510988576
      ]
    ],
    [
      1.8509983338551637
    ]
  ],
  "metrics": {
    "accuracy": 0.988919706004715,
    "precision": 0.9833445859921651,
    "recall": 0.9956319079414611,
    "f1": 0.9894499058497651
  },
  "timestamp": "2026-07-20T11:45:54.888720Z",
  "client_count": 4
}