{
  "round": 10,
  "weights": [
    [
      [
        -1.087632430644951,
        1.9172363828414438,
        1.4352586727130705,
        -0.1646799782006128,
        -0.2331475927510503,
        0.21936236280633217,
        0.7719829777620228,
        0.0015507133228429312,
        -0.12705422057038218,
        5.633522846974057,
        1.4919534741894034,
        -0.06835554637719006,
        1.1617853785113197,
        0.5081136970554669,
        -0.010844314098997668,
        -0.5130450866719127,
        -0.15444607717709216,
        0.7145129207146722,
        -0.0774743823217272,
        0.20323304213506715,
        0.006545236582742796,
        -1.2700472351451257,
        1.5030365091409255,
        1.088263453879509,
        -0.6372499107599086,
        -0.48652702142449084,
        0.5288521026564981,
        -1.8942588234965996,
        1.3471369364951022,
        -0.9404141991809346,
        -0.23269886072568816,
        0.26163835055954837
      ]
    ],
    [
      2.0796381840285068
    ]
  ],
  "metrics": {
    "accuracy": 0.9896200249618639,
    "precision": 0.9846921959725471,
    "recall": 0.9955627809292531,
    "f1": 0.9900974341942489
  },
  "timestamp": "2026-07-20T11:45:55.260931Z",
  "client_count": 4
}