{
  "round": 9,
  "weights": [
    [
      [
        -1.1093046256156531,
        1.9030606816294753,
        1.4676900587735893,
        -0.18661501020975943,
        -0.24620385850603432,
        0.22130810030910725,
        0.7749920387125266,
        0.005893460553123245,
        -0.12496081320168607,
        5.456629786734224,
        1.4870031464188491,
        -0.062377328886035574,
        1.1535781653377781,
        0.5051764363952532,
        -0.028163270765127257,
        -0.5156415833624476,
        -0.15550447990440872,
        0.6793720423892153,
        -0.07628431259102006,
        0.19784440402708137,
        0.009719982788407154,
        -1.2386154078198683,
        1.495410579868264,
        1.0730481142339188,
        -0.6639843321532888,
        -0.4873506070622402,
        0.5359941677875563,
        -1.8078130103175711,
        1.329500478375153,
        -0.937701256006699,
        -0.23805400637729734,
        0.26643610511505295
      ]
    ],
    [
      2.045948449403401
    ]
  ],
  "metrics": {
    "accuracy": 0.9894813479406462,
    "precision": 0.9844236687672046,
    "recall": 0.9956598677078083,
    "f1": 0.9900097331082796
  },
  "timestamp": "2026-07-20T11:45:55.191839Z",
  "client_count": 4
}