{
  "round": 4,
  "weights": [
    [
      [
        -1.2250203861996565,
        1.765748773876673,
        1.5883501015981543,
        -0.23918005332551362,
        -0.3309676975676548,
        0.2454087619907298,
        0.8033833632480945,
        0.03985750456688033,
        -0.12259644046267684,
        4.222563794491227,
        1.3599234490782846,
        -0.0035219649147183495,
        1.0279332892140618,
        0.4743816990115408,
        -0.1525083317249443,
        -0.5041867649638002,
        -0.15882715440345155,
        0.4586653951869316,
        -0.0556451357789972,
        0.15546482124419528,
        0.02585254354785032,
        -0.9908456476013507,
        1.365509276950819,
        0.9437798601053297,
        -0.8128012640139264,
        -0.45856141808603995,
        0.5704466238800847,
        -1.215706914736634,
        1.2297724608464995,
        -0.9075100052219475,
        -0.2812168797930837,
        0.2898951507286657
      ]
    ],
    [
      1.7767269902914244
    ]
  ],
  "metrics": {
    "accuracy": 0.988635418111219,
    "precision": 0.9827784700430049,
    "recall": 0.9955902312777751,
    "f1": 0.9891427603578468
  },
  "timestamp": "2026-07-20T11:45:54.821339Z",
  "client_count": 4
}