{
  "round": 3,
  "weights": [
    [
      [
        -1.2453258449737639,
        1.7120270710253642,
        1.5837808671449103,
        -0.2201592502872375,
        -0.357723958161608,
        0.2556589154147884,
        0.8148592501894576,
        0.051486451852463255,
        -0.1262310488903055,
        3.8448326043845538,
        1.288991523176358,
        0.018073252365158395,
        0.9671426670732518,
        0.46167602914114675,
        -0.1859601216521401,
        -0.49056752515618474,
        -0.15958867903037427,
        0.40004859967419126,
        -0.04256396685734176,
        0.139615177234626,
        0.029359619505174836,
        -0.9052077788493159,
        1.2958036171522003,
        0.8946878524227765,
        -0.8413788458766793,
        -0.4354117958421293,
        0.5787376387156073,
        -1.0416752355689622,
        1.2096087947605954,
        -0.8912091570664928,
        -0.3003694074353058,
        0.29131048332453885
      ]
    ],
    [
      1.6829725844654324
    ]
  ],
  "metrics": {
    "accuracy": 0.9882471224518098,
    "precision": 0.9820946510243577,
    "recall": 0.995687554621156,
    "f1": 0.9888443132173764
  },
  "timestamp": "2026-07-20T11:45:54.750097Z",
  "client_count": 4
}