{
  "round": 8,
  "weights": [
    [
      [
        -1.1317786125016993,
        1.88589550166489,
        1.4991924645235737,
        -0.20675625374877438,
        -0.26017024918709764,
        0.22394151451549094,
        0.7785802005497638,
        0.010833136003497432,
        -0.12320100020911555,
        5.263065199124053,
        1.4777193957719152,
        -0.05502522648346157,
        1.1417903924898254,
        0.501596215350204,
        -0.04769193308974862,
        -0.5172888402447364,
        -0.15647190999009952,
        0.6418525006562288,
        -0.07458118416111773,
        0.19181027301268536,
        0.01293487754844946,
        -1.203003264407633,
        1.4841527704943258,
        1.0554540945554372,
        -0.6921402941373748,
        -0.48705935056811434,
        0.5430416618333315,
        -1.7134425344355873,
        1.310929005363513,
        -0.9344345987976788,
        -0.24395121302319667,
        0.2713827697496269
      ]
    ],
    [
      2.0076054764940086
    ]
  ],
  "metrics": {
    "accuracy": 0.9893981417279157,
    "precision": 0.9841537832196185,
    "recall": 0.9956598492262634,
    "f1": 0.9898732050834634
  },
  "timestamp": "2026-07-20T11:45:55.127272Z",
  "client_count": 4
}