{
  "round": 7,
  "weights": [
    [
      [
        -1.1549299984961552,
        1.8649512979269853,
        1.528859904631663,
        -0.22406228579384802,
        -0.2752049108780134,
        0.2274241215377161,
        0.7829170762765981,
        0.016473328246296152,
        -0.12189609297260298,
        5.049203786704639,
        1.462803389880539,
        -0.0459610811871123,
        1.1253113197125133,
        0.4971298520329911,
        -0.06967275066185992,
        -0.5176286528316668,
        -0.15730458784392803,
        0.6015825450806809,
        -0.07215761284613155,
        0.1849456547776271,
        0.016171048927591573,
        -1.16221144835213,
        1.4679847872574898,
        1.0348875939203865,
        -0.7215492076911028,
        -0.485096409760705,
        0.5499612161391736,
        -1.6095971771305067,
        1.2914760749669945,
        -0.9303647940320057,
        -0.2506301868372047,
        0.276422884620057
      ]
    ],
    [
      1.9634927403357973
    ]
  ],
  "metrics": {
    "accuracy": 0.9892247954513937,
    "precision": 0.9839251401395496,
    "recall": 0.995701343002197,
    "f1": 0.989778015924704
  },
  "timestamp": "2026-07-20T11:45:55.058512Z",
  "client_count": 4
}