{
  "round": 6,
  "weights": [
    [
      [
        -1.178533633141802,
        1.8391310980659892,
        1.5553237515294605,
        -0.23698077761666703,
        -0.291576951033262,
        0.23196166579926525,
        0.7882356131995564,
        0.022972865573027863,
        -0.12119479426143775,
        4.810008549495485,
        1.4403840620038288,
        -0.03475107884673781,
        1.1025684282616632,
        0.4914390478463148,
        -0.09434685148471128,
        -0.5161443404487037,
        -0.15796228722996275,
        0.5580938081960525,
        -0.06867625892415176,
        0.17696783004055175,
        0.01940620979982357,
        -1.114836642002329,
        1.445035881571362,
        1.010481474682377,
        -0.7518863772172983,
        -0.48064607137874255,
        0.5567446206323813,
        -1.4941928760866343,
        1.2712696077922667,
        -0.9250874872704675,
        -0.2584905531538426,
        0.2814301800539449
      ]
    ],
    [
      1.9120525262475216
    ]
  ],
  "metrics": {
    "accuracy": 0.9890861184301761,
    "precision": 0.9836818336037436,
    "recall": 0.9956596156186948,
    "f1": 0.9896342997835875
  },
  "timestamp": "2026-07-20T11:45:54.973119Z",
  "client_count": 4
}